{"CameraArray": [{"name": "117站点HG", "Long": 121.46622413854506, "Lat": 31.25560794574135, "High1": 2.874, "High2": 2.849, "Direction": "西偏北3°", "CameraID": 58120003.0}]}